order,area,screen,route,role,source_component,file,purpose
1,Entry & auth,Welcome / Onboarding,/,Both,Onboarding,src/features/auth/welcome.tsx,"First-run introduction; start sign-up or log in"
2,Entry & auth,Role picker,/role,Both,RolePicker,src/features/auth/welcome.tsx,"Choose customer or technician in sign-up or login mode"
3,Entry & auth,Sign up,/signup,Both,Signup,src/features/auth/signup.tsx,"Create an account with name/email/phone/password"
4,Entry & auth,Log in,/login,Both,Login,src/features/auth/login.tsx,"Sign in with email and password"
5,Entry & auth,Forgot password,/forgot-password,Both,ForgotPassword,src/features/auth/login.tsx,"Explain how to recover an account (no self-service reset yet)"
6,Entry & auth,Change password,/new-password,Both,NewPassword,src/features/auth/login.tsx,"Change the password while signed in"
7,Customer,Home,/home,Customer,Home,src/features/customer/home.tsx,"Dashboard: active repair, categories, quick requests, search"
8,Customer,Search / find a technician,/search,Customer,Search,src/features/customer/home.tsx,"Browse verified technicians"
9,Customer,Technician profile,/tech-profile,Customer,TechProfile,src/features/customer/quotes.tsx,"A technician's public profile and their quote"
10,Customer,Request a repair - step 1,/new-request,Customer,NewRequest,src/features/customer/request.tsx,"Device, model, problem description, photos"
11,Customer,Request a repair - step 2,/request-details,Customer,RequestDetails,src/features/customer/request.tsx,"Location, date, time, service preference"
12,Customer,Review request - step 3,/review-request,Customer,ReviewRequest,src/features/customer/request.tsx,"Confirm and submit the request"
13,Customer,Waiting for quotes,/waiting,Customer,Waiting,src/features/customer/quotes.tsx,"Live status while technicians respond"
14,Customer,Compare quotes,/compare,Customer,Compare,src/features/customer/quotes.tsx,"Side-by-side comparison, sort and select"
15,Customer,Book technician,/book,Customer,Book,src/features/customer/booking.tsx,"Confirm appointment and price"
16,Customer,Checkout / pay (escrow),/pay,Customer,Pay,src/features/customer/booking.tsx,"Pay by card (Paystack) or cash into escrow"
17,Customer,Booking confirmed,/confirmed,Customer,Confirmed,src/features/customer/booking.tsx,"Success moment with booking summary"
18,Customer,Appointments,/appointments,Customer,Appointments,src/features/customer/booking.tsx,"Manage upcoming appointment, reschedule, cancel"
19,Customer,Track repair,/track,Customer,Track,src/features/customer/tracking.tsx,"Timeline, map, progress photos, report a problem"
20,Customer,Report an issue,/report,Customer,Report,src/features/customer/tracking.tsx,"Freeze escrow and raise a dispute"
21,Customer,Check & confirm repair,/complete,Customer,Complete,src/features/customer/completion.tsx,"Release payment, optional quick checks"
22,Customer,Rate your repair,/review,Customer,Review,src/features/customer/completion.tsx,"Star rating, tags, written review"
23,Customer,Review submitted,/review-done,Customer,ReviewDone,src/features/customer/completion.tsx,"Confirmation the review was submitted"
24,Customer,Warranty info,/warranty,Customer,Warranty,src/features/customer/warranty.tsx,"Warranty card, QR code, coverage, terms"
25,Customer,Submit warranty claim,/claim,Customer,Claim,src/features/customer/warranty.tsx,"Raise a warranty claim"
26,Customer,Claim submitted / track claim,/claim-submitted,Customer,ClaimSubmitted,src/features/customer/warranty.tsx,"Claim confirmation and status"
27,Customer,Set up account / home address,/cust-setup,Customer,CustomerSetup,src/features/customer/account.tsx,"Profile photo and home address"
28,Customer,Profile,/profile,Customer,CustomerProfile,src/features/customer/account.tsx,"Customer profile tab and settings menu"
29,Customer,Repair history,/repairs,Customer,RepairHistory,src/features/customer/history.tsx,"All repairs, filterable"
30,Customer,Repair details,/repair,Customer,RepairDetail,src/features/customer/history.tsx,"Details of one repair"
31,Customer,Notifications,/alerts,Customer,Alerts,src/features/customer/account.tsx,"Customer notification list"
32,Technician,Service profile (registration),/tech-register,Technician,TechRegister,src/features/technician/registration.tsx,"Skills, areas, ID and certificate upload"
33,Technician,Verification status,/verification,Technician,Verification,src/features/technician/registration.tsx,"Application progress and review state"
34,Technician,Home dashboard,/tech-home,Technician,TechHome,src/features/technician/dashboard.tsx,"Earnings, stats, today's job, nearby jobs"
35,Technician,Notifications,/tech-alerts,Technician,TechAlerts,src/features/technician/dashboard.tsx,"Technician notification list"
36,Technician,Jobs board,/jobs,Technician,Jobs,src/features/technician/jobs.tsx,"Available / Active / Completed job tabs"
37,Technician,Job details,/job-details,Technician,JobDetails,src/features/technician/jobs.tsx,"One request's full details"
38,Technician,Send / revise quote,/send-quote,Technician,SendQuote,src/features/technician/jobs.tsx,"Compose a quote"
39,Technician,Booking request,/booking-request,Technician,BookingRequest,src/features/technician/job-progress.tsx,"Accept or decline a booking"
40,Technician,Update repair status,/job,Technician,Job,src/features/technician/job-progress.tsx,"Move the job through stages, add notes"
41,Technician,Repair completed,/job-done,Technician,JobDone,src/features/technician/job-progress.tsx,"Success moment after marking complete"
42,Technician,Earnings,/earnings,Technician,Earnings,src/features/technician/earnings.tsx,"Wallet, charts, recent transactions"
43,Technician,Profile,/me,Technician,Me,src/features/technician/profile.tsx,"Technician profile tab and settings menu"
44,Technician,Services & coverage,/services,Technician,ServicesCoverage,src/features/technician/profile.tsx,"Toggle services and service areas"
45,Technician,Reviews,/reviews,Technician,Reviews,src/features/technician/profile.tsx,"Rating summary and review list"
46,Technician,Warranty claims,/tech-claim,Technician,TechClaim,src/features/technician/warranty-claims.tsx,"Respond to customer warranty claims"
47,Technician,Payout account,/payout-account,Technician,PayoutAccountScreen,src/features/technician/payouts/payout-account.tsx,"Add or change the bank account"
48,Technician,Withdraw,/withdraw,Technician,Withdraw,src/features/technician/payouts/withdraw.tsx,"Request a withdrawal"
49,Technician,Withdrawal receipt,/withdraw-done,Technician,WithdrawDone,src/features/technician/payouts/withdraw.tsx,"Withdrawal status and receipt"
50,Technician,Transaction details,/transaction,Technician,TransactionDetail,src/features/technician/payouts/transactions.tsx,"A single wallet transaction / receipt"
